serialNumber,user,category,color,fabricType,size,style,goal,picture,available,city 
2,example82@yahoo.com,dress,Blue,Lace,XS,Bohemian,rent,Static/photosFolder/dress7.jfif,yes,Netanya
4,example30@gmx.com,jumpsuit,White,Polyester,M,Western,rent,Static/photosFolder/jumpsuit2.jfif,yes,Kiryat Motzkin
5,example21@outlook.com,skirt,Yellow,Chiffon,XS,Edgy,rent,Static/photosFolder/skirt1.jfif,yes,Be'er Sheva
8,example5@aol.com,formal suit,Red,Tweed,XS,Preppy,rent,Static/photosFolder/formalsuit1.jfif,yes,Ma'alot-Tarshiha
12,example70@gmx.com,skirt,Green,Leather,S,Grunge,rent,Static/photosFolder/skirt3.jfif,yes,Nesher
19,example20@protonmail.ch,jumpsuit,Gray,Tweed,XS,Vintage,rent,Static/photosFolder/jumpsuit2.jfif,yes,Nazareth
25,example46@icloud.com,skirt,Gray,Suede,S,Beachy,rent,Static/photosFolder/skirt3.jfif,yes,Karmiel
30,example33@fastmail.com,jumpsuit,Black,Polyester,L,Edgy,rent,Static/photosFolder/jumpsuit3.jfif,yes,Kiryat Motzkin
31,example57@tutanota.com,dress,Orange,Wool,L,Chic,rent,Static/photosFolder/dress1.jpeg,yes,Ashkelon
34,example46@icloud.com,skirt,Red,Suede,M,Bohemian,rent,Static/photosFolder/skirt1.jfif,yes,Kfar Saba
36,example60@protonmail.ch,dress,Orange,Georgette,L,Formal,rent,Static/photosFolder/dress4.webp,yes,Lod
38,example13@zoho.com,formal suit,Black,Suede,XS,Streetwear,rent,Static/photosFolder/formalsuit1.jfif,yes,Kiryat Ata
40,example83@hotmail.com,skirt,Green,Tweed,S,Chic,rent,Static/photosFolder/skirt3.jfif,yes,Kiryat Shmona
41,example99@msn.com,jumpsuit,White,Georgette,L,Vintage,rent,Static/photosFolder/jumpsuit1.jfif,yes,Hadera
45,example2@yahoo.com,skirt,Orange,Polyester,L,Edgy,rent,Static/photosFolder/skirt3.jfif,yes,Nazareth
48,example41@gmail.com,skirt,Gray,Silk,XS,Chic,rent,Static/photosFolder/skirt2.jfif,yes,Kiryat Motzkin
49,example11@inbox.com,formal suit,Gray,Denim,M,Formal,rent,Static/photosFolder/formalsuit2.jfif,yes,Ma'alot-Tarshiha
51,example81@gmail.com,dress,White,Lace,S,Western,rent,Static/photosFolder/dress8.jfif,yes,Kfar Saba
52,example9@live.com,formal suit,Black,Velvet,L,Classic,rent,Static/photosFolder/suit1.jpg,yes,Ashkelon
55,example11@inbox.com,formal suit,Purple,Silk,L,Business Casual,rent,Static/photosFolder/suit1.jpeg,yes,Eilat
57,example97@tutanota.com,formal suit,Yellow,Chiffon,L,Streetwear,rent,Static/photosFolder/formalsuit2.jfif,yes,Karmiel
58,example89@live.com,formal suit,Purple,Velvet,L,Minimalist,rent,Static/photosFolder/formalsuit2.jfif,yes,Haifa
61,example53@zoho.com,jumpsuit,Yellow,Cotton,L,Business Formal,rent,Static/photosFolder/jumpsuit4.jfif,yes,Kiryat Malakhi
62,example46@icloud.com,dress,Yellow,Georgette,M,Grunge,rent,Static/photosFolder/dress8.jfif,yes,Kiryat Yam
68,example79@msn.com,dress,Gray,Lace,S,Casual,rent,Static/photosFolder/dress2.jpeg,yes,Haifa
75,example39@msn.com,skirt,Orange,Cotton,S,Streetwear,rent,Static/photosFolder/skirt2.jfif,yes,Jerusalem
77,example66@hotmail.com,formal suit,Gray,Georgette,L,Streetwear,rent,Static/photosFolder/suit1.jpeg,yes,Kiryat Bialik
81,example68@live.com,skirt,Yellow,Denim,S,Casual,rent,Static/photosFolder/skirt3.jfif,yes,Bat Yam
88,example76@mailinator.com,skirt,Gray,Denim,XS,Romantic,rent,Static/photosFolder/skirt1.jfif,yes,Bat Yam
89,example85@aol.com,dress,Purple,Polyester,XS,Streetwear,rent,Static/photosFolder/dress4.webp,yes,Kiryat Yam
95,example31@zoho.com,formal suit,Black,Georgette,L,Minimalist,rent,Static/photosFolder/formalsuit2.jfif,yes,Netanya
98,example24@icloud.com,formal suit,Orange,Tweed,S,Streetwear,rent,Static/photosFolder/suit1.jpeg,yes,Arad
99,example81@gmail.com,jumpsuit,Black,Tweed,XS,Grunge,rent,Static/photosFolder/jumpsuit3.jfif,yes,Rehovot
101,example84@outlook.com,formal suit,Gray,Lace,M,Chic,rent,Static/photosFolder/suit1.jpg,yes,Kiryat Bialik
102,example54@rocketmail.com,skirt,Orange,Linen,S,Western,rent,Static/photosFolder/skirt2.jfif,yes,Bat Yam
105,example90@yandex.com,dress,Blue,Lace,S,Vintage,rent,Static/photosFolder/dress9.jfif,yes,Petah Tikva
106,example29@aol.com,formal suit,White,Denim,M,Classic,rent,Static/photosFolder/formalsuit1.jfif,yes,Or Akiva
112,example92@gmx.com,jumpsuit,Gray,Leather,L,Romantic,rent,Static/photosFolder/jumpsuit2.jfif,yes,Nahariya
113,example58@domain.com,jumpsuit,Blue,Silk,S,Business Casual,rent,Static/photosFolder/jumpsuit2.jfif,yes,Be'er Sheva
118,example44@outlook.com,skirt,Yellow,Linen,L,Business Formal,rent,Static/photosFolder/skirt2.jfif,yes,Netanya
119,example44@outlook.com,jumpsuit,Yellow,Polyester,XS,Athletic,rent,Static/photosFolder/jumpsuit1.jfif,yes,Kiryat Bialik
120,example95@fastmail.com,dress,Gray,Denim,S,Minimalist,rent,Static/photosFolder/dress1.jpeg,yes,Lod
121,example48@mail.com,dress,Red,Satin,L,Preppy,rent,Static/photosFolder/dress3.webp,yes,Ra'anana
122,example76@mailinator.com,jumpsuit,White,Denim,XS,Athletic,rent,Static/photosFolder/jumpsuit3.jfif,yes,Kiryat Shmona
126,example43@hotmail.com,formal suit,Red,Tweed,L,Retro,rent,Static/photosFolder/formalsuit1.jfif,yes,Eilat
129,example73@fastmail.com,formal suit,Orange,Suede,XS,Athletic,rent,Static/photosFolder/formalsuit3.jfif,yes,Netivot
130,example80@protonmail.ch,dress,Purple,Wool,S,Formal,rent,Static/photosFolder/dress4.webp,yes,Bat Yam
132,example76@mailinator.com,dress,Green,Chiffon,XS,Bohemian,rent,Static/photosFolder/dress5.jfif,yes,Ramat HaSharon
133,example83@hotmail.com,dress,Purple,Wool,XS,Business Casual,rent,Static/photosFolder/dress2.jpeg,yes,Modi'in-Maccabim-Re'ut
139,example9@live.com,skirt,Red,Linen,S,Grunge,rent,Static/photosFolder/skirt3.jfif,yes,Jerusalem
140,example32@rocketmail.com,skirt,Gray,Polyester,M,Formal,rent,Static/photosFolder/skirt1.jfif,yes,Ramla
142,example53@zoho.com,dress,Red,Lace,S,Preppy,rent,Static/photosFolder/dress7.jfif,yes,Nahariya
144,example29@aol.com,skirt,Orange,Leather,L,Casual,rent,Static/photosFolder/skirt3.jfif,yes,Haifa
146,example39@msn.com,jumpsuit,Green,Chiffon,L,Beachy,rent,Static/photosFolder/jumpsuit4.jfif,yes,Ofakim
148,example91@inbox.com,formal suit,Red,Chiffon,M,Business Formal,rent,Static/photosFolder/suit1.jpeg,yes,Netivot
149,example29@aol.com,jumpsuit,Black,Tweed,XS,Vintage,rent,Static/photosFolder/jumpsuit3.jfif,yes,Giv'atayim
150,example29@aol.com,dress,Red,Silk,M,Beachy,rent,Static/photosFolder/dress4.webp,yes,Kiryat Bialik
152,example7@protonmail.com,formal suit,Orange,Wool,S,Gothic,rent,Static/photosFolder/formalsuit1.jfif,yes,Ashdod
153,example33@fastmail.com,formal suit,Red,Silk,S,Bohemian,rent,Static/photosFolder/suit1.jpg,yes,Netanya
154,example16@mailinator.com,formal suit,Purple,Denim,XS,Bohemian,rent,Static/photosFolder/formalsuit3.jfif,yes,Karmiel
161,example54@rocketmail.com,skirt,Orange,Denim,S,Western,rent,Static/photosFolder/skirt1.jfif,yes,Rehovot
162,example15@fastmail.com,formal suit,Green,Silk,XS,Minimalist,rent,Static/photosFolder/formalsuit1.jfif,yes,Kiryat Ono
171,example81@gmail.com,formal suit,Red,Polyester,M,Business Formal,rent,Static/photosFolder/formalsuit1.jfif,yes,Kiryat Shmona
174,example90@yandex.com,formal suit,Gray,Cotton,M,Athletic,rent,Static/photosFolder/formalsuit2.jfif,yes,Kiryat Motzkin
176,example71@zoho.com,formal suit,Green,Wool,L,Grunge,rent,Static/photosFolder/formalsuit1.jfif,yes,Rehovot
177,example41@gmail.com,formal suit,Red,Chiffon,S,Gothic,rent,Static/photosFolder/formalsuit1.jfif,yes,Kiryat Ono
183,example89@live.com,skirt,Orange,Linen,XS,Minimalist,rent,Static/photosFolder/skirt3.jfif,yes,Nahariya
184,example18@domain.com,formal suit,Yellow,Chiffon,XS,Gothic,rent,Static/photosFolder/formalsuit1.jfif,yes,Herzliya
186,example56@mailinator.com,formal suit,Red,Denim,M,Gothic,rent,Static/photosFolder/suit1.jpeg,yes,Hod HaSharon
188,example60@protonmail.ch,formal suit,Blue,Cotton,S,Beachy,rent,Static/photosFolder/suit1.jpeg,yes,Herzliya
191,example88@mail.com,dress,White,Wool,S,Streetwear,rent,Static/photosFolder/dress10.jfif,yes,Nesher
194,example39@msn.com,formal suit,Yellow,Wool,S,Beachy,rent,Static/photosFolder/formalsuit3.jfif,yes,Herzliya
198,example76@mailinator.com,dress,Purple,Chiffon,XS,Vintage,rent,Static/photosFolder/dress5.jfif,yes,Kiryat Shmona
199,example67@mail.com,dress,Blue,Wool,XS,Business Formal,rent,Static/photosFolder/dress2.jpeg,yes,Ramla
201,example82@yahoo.com,formal suit,White,Suede,M,Gothic,rent,Static/photosFolder/formalsuit1.jfif,yes,Ramat Gan
202,example8@mail.com,formal suit,Black,Denim,L,Western,rent,Static/photosFolder/suit1.jpeg,yes,Ra'anana
204,example37@tutanota.com,formal suit,Black,Leather,S,Retro,rent,Static/photosFolder/suit1.jpg,yes,Kiryat Yam
207,example84@outlook.com,formal suit,Red,Satin,XS,Chic,rent,Static/photosFolder/suit1.jpg,yes,Ra'anana
208,example76@mailinator.com,dress,Blue,Denim,S,Casual,rent,Static/photosFolder/dress8.jfif,yes,Rehovot
210,example19@msn.com,formal suit,Black,Suede,M,Romantic,rent,Static/photosFolder/suit1.jpg,yes,Kiryat Bialik
216,example71@zoho.com,jumpsuit,Gray,Polyester,S,Bohemian,rent,Static/photosFolder/jumpsuit3.jfif,yes,Arad
217,example47@protonmail.com,jumpsuit,Blue,Polyester,L,Romantic,rent,Static/photosFolder/jumpsuit4.jfif,yes,Bnei Brak
218,example57@tutanota.com,skirt,Blue,Lace,XS,Streetwear,rent,Static/photosFolder/skirt1.jfif,yes,Petah Tikva
219,example22@yahoo.com,dress,Red,Leather,L,Beachy,rent,Static/photosFolder/dress3.webp,yes,Jerusalem
220,example10@yandex.com,skirt,Yellow,Silk,L,Streetwear,rent,Static/photosFolder/skirt1.jfif,yes,Netanya
222,example15@fastmail.com,jumpsuit,Blue,Silk,L,Athletic,rent,Static/photosFolder/jumpsuit2.jfif,yes,Kiryat Ono
223,example3@hotmail.com,skirt,Black,Satin,L,Streetwear,rent,Static/photosFolder/skirt1.jfif,yes,Ness Ziona
225,example36@mailinator.com,formal suit,Gray,Velvet,M,Streetwear,rent,Static/photosFolder/suit1.jpg,yes,Ramat Gan
227,example1@gmail.com,skirt,Green,Linen,S,Romantic,rent,Static/photosFolder/skirt2.jfif,yes,Ma'alot-Tarshiha
228,example90@yandex.com,dress,Yellow,Georgette,L,Vintage,rent,Static/photosFolder/dress1.jpeg,yes,Bnei Brak
229,example69@aol.com,skirt,Purple,Lace,M,Athletic,rent,Static/photosFolder/skirt2.jfif,yes,Nahariya
233,example98@domain.com,dress,Orange,Denim,M,Formal,rent,Static/photosFolder/dress1.jpeg,yes,Ashkelon
234,example29@aol.com,jumpsuit,Purple,Wool,L,Grunge,rent,Static/photosFolder/jumpsuit2.jfif,yes,Netivot
241,example17@tutanota.com,jumpsuit,Yellow,Georgette,S,Business Formal,rent,Static/photosFolder/jumpsuit3.jfif,yes,Kiryat Ono
243,example23@gmail.com,dress,Black,Lace,L,Casual,rent,Static/photosFolder/dress7.jfif,yes,Kfar Saba
244,example52@gmx.com,dress,Red,Chiffon,XS,Athletic,rent,Static/photosFolder/dress6.jfif,yes,Ofakim
245,example77@tutanota.com,formal suit,Gray,Cotton,L,Western,rent,Static/photosFolder/suit1.jpeg,yes,Ness Ziona
246,example41@gmail.com,jumpsuit,White,Satin,L,Retro,rent,Static/photosFolder/jumpsuit1.jfif,yes,Bnei Brak
247,example98@domain.com,jumpsuit,Purple,Polyester,XS,Classic,rent,Static/photosFolder/jumpsuit2.jfif,yes,Hadera
248,example86@icloud.com,formal suit,Green,Wool,S,Grunge,rent,Static/photosFolder/suit1.jpg,yes,Arad
249,example6@icloud.com,jumpsuit,Gray,Silk,M,Edgy,rent,Static/photosFolder/jumpsuit1.jfif,yes,Kiryat Motzkin
253,example10@yandex.com,jumpsuit,Yellow,Velvet,XS,Retro,rent,Static/photosFolder/jumpsuit1.jfif,yes,Kiryat Ata
254,example24@icloud.com,formal suit,Orange,Leather,L,Athletic,rent,Static/photosFolder/formalsuit1.jfif,yes,Ra'anana
255,example85@aol.com,formal suit,Orange,Linen,S,Western,rent,Static/photosFolder/formalsuit1.jfif,yes,Kiryat Gat
256,example50@yandex.com,skirt,Green,Linen,S,Western,rent,Static/photosFolder/skirt3.jfif,yes,Netanya
258,example30@gmx.com,formal suit,Red,Polyester,XS,Beachy,rent,Static/photosFolder/formalsuit3.jfif,yes,Kiryat Gat
259,example85@aol.com,skirt,White,Polyester,L,Streetwear,rent,Static/photosFolder/skirt2.jfif,yes,Ramat HaSharon
260,example35@protonmail.com,skirt,Gray,Satin,S,Edgy,rent,Static/photosFolder/skirt2.jfif,yes,Ramat HaSharon
266,example33@fastmail.com,jumpsuit,White,Wool,S,Chic,rent,Static/photosFolder/jumpsuit4.jfif,yes,Haifa
269,example96@mailinator.com,dress,Purple,Lace,S,Grunge,rent,Static/photosFolder/dress2.jpeg,yes,Kiryat Malakhi
270,example6@icloud.com,skirt,Purple,Denim,XS,Gothic,rent,Static/photosFolder/skirt2.jfif,yes,Giv'atayim
271,example31@zoho.com,skirt,Yellow,Satin,S,Edgy,rent,Static/photosFolder/skirt3.jfif,yes,Hol?n
274,example34@inbox.com,dress,Gray,Polyester,XS,Gothic,rent,Static/photosFolder/dress2.jpeg,yes,Bat Yam
275,example77@tutanota.com,skirt,White,Leather,L,Romantic,rent,Static/photosFolder/skirt3.jfif,yes,Ashkelon
276,example41@gmail.com,skirt,Gray,Georgette,M,Business Formal,rent,Static/photosFolder/skirt3.jfif,yes,Or Yehuda
279,example17@tutanota.com,formal suit,Red,Suede,S,Formal,rent,Static/photosFolder/suit1.jpg,yes,Netanya
287,example7@protonmail.com,formal suit,Blue,Lace,L,Preppy,rent,Static/photosFolder/suit1.jpg,yes,Kiryat Ono
288,example32@rocketmail.com,dress,Red,Linen,M,Edgy,rent,Static/photosFolder/dress4.webp,yes,Kfar Saba
291,example19@msn.com,skirt,Purple,Polyester,XS,Retro,rent,Static/photosFolder/skirt1.jfif,yes,Ashkelon
292,example7@protonmail.com,skirt,Yellow,Wool,M,Beachy,rent,Static/photosFolder/skirt1.jfif,yes,Kiryat Malakhi
294,example28@live.com,skirt,Gray,Velvet,S,Western,rent,Static/photosFolder/skirt2.jfif,yes,Nazareth
298,example40@protonmail.ch,jumpsuit,Black,Tweed,L,Formal,rent,Static/photosFolder/jumpsuit2.jfif,yes,Migdal HaEmek
299,example76@mailinator.com,formal suit,Blue,Chiffon,M,Western,rent,Static/photosFolder/formalsuit2.jfif,yes,Ramla
302,example73@fastmail.com,jumpsuit,White,Silk,XS,Romantic,rent,Static/photosFolder/jumpsuit3.jfif,yes,Hol?n
308,example11@inbox.com,jumpsuit,Red,Satin,XS,Western,rent,Static/photosFolder/jumpsuit3.jfif,yes,Ness Ziona
310,example18@domain.com,formal suit,Green,Polyester,XS,Classic,rent,Static/photosFolder/suit1.jpg,yes,Nesher
312,example18@domain.com,formal suit,Purple,Suede,M,Retro,rent,Static/photosFolder/suit1.jpeg,yes,Dimona
313,example44@outlook.com,formal suit,Black,Georgette,S,Classic,rent,Static/photosFolder/formalsuit3.jfif,yes,Giv'atayim
315,example42@yahoo.com,formal suit,White,Suede,S,Edgy,rent,Static/photosFolder/formalsuit1.jfif,yes,Lod
318,example12@gmx.com,formal suit,Purple,Satin,M,Business Formal,rent,Static/photosFolder/formalsuit2.jfif,yes,Hadera
321,example68@live.com,jumpsuit,Orange,Chiffon,M,Western,rent,Static/photosFolder/jumpsuit2.jfif,yes,Giv'atayim
325,example22@yahoo.com,dress,Blue,Velvet,XS,Streetwear,rent,Static/photosFolder/dress2.jpeg,yes,Arad
327,example62@yahoo.com,jumpsuit,Purple,Suede,XS,Gothic,rent,Static/photosFolder/jumpsuit3.jfif,yes,Bat Yam
328,example93@zoho.com,jumpsuit,Gray,Georgette,L,Bohemian,rent,Static/photosFolder/jumpsuit4.jfif,yes,Petah Tikva
329,example71@zoho.com,formal suit,Blue,Wool,M,Western,rent,Static/photosFolder/formalsuit2.jfif,yes,Giv'atayim
330,example69@aol.com,jumpsuit,Gray,Polyester,S,Grunge,rent,Static/photosFolder/jumpsuit1.jfif,yes,Lod
331,example18@domain.com,dress,Orange,Silk,XS,Beachy,rent,Static/photosFolder/dress4.webp,yes,Hod HaSharon
332,example38@domain.com,jumpsuit,Purple,Leather,S,Romantic,rent,Static/photosFolder/jumpsuit3.jfif,yes,Or Yehuda
333,example85@aol.com,skirt,Orange,Chiffon,XS,Classic,rent,Static/photosFolder/skirt2.jfif,yes,Bnei Brak
335,example94@rocketmail.com,formal suit,Orange,Linen,XS,Romantic,rent,Static/photosFolder/suit1.jpg,yes,Kiryat Motzkin
338,example59@msn.com,dress,White,Silk,S,Edgy,rent,Static/photosFolder/dress9.jfif,yes,Karmiel
342,example37@tutanota.com,jumpsuit,Red,Lace,L,Romantic,rent,Static/photosFolder/jumpsuit2.jfif,yes,Netanya
343,example42@yahoo.com,dress,Black,Lace,M,Classic,rent,Static/photosFolder/dress8.jfif,yes,Eilat
344,example78@domain.com,dress,Green,Tweed,M,Athletic,rent,Static/photosFolder/dress2.jpeg,yes,Kiryat Yam
346,example96@mailinator.com,dress,Blue,Denim,S,Chic,rent,Static/photosFolder/dress10.jfif,yes,Nahariya
347,example46@icloud.com,dress,Purple,Wool,S,Business Formal,rent,Static/photosFolder/dress6.jfif,yes,Kfar Saba
349,example92@gmx.com,skirt,Purple,Chiffon,L,Vintage,rent,Static/photosFolder/skirt2.jfif,yes,Karmiel
352,example11@inbox.com,dress,Purple,Tweed,S,Chic,rent,Static/photosFolder/dress3.webp,yes,Or Yehuda
356,example39@msn.com,dress,Red,Velvet,M,Formal,rent,Static/photosFolder/dress3.webp,yes,Ramat HaSharon
358,example45@aol.com,dress,Gray,Polyester,L,Preppy,rent,Static/photosFolder/dress8.jfif,yes,Netivot
362,example44@outlook.com,dress,Red,Chiffon,XS,Business Casual,rent,Static/photosFolder/dress2.jpeg,yes,Ramat Gan
363,example25@yandex.com,jumpsuit,Red,Polyester,XS,Business Formal,rent,Static/photosFolder/jumpsuit4.jfif,yes,Eilat
364,example85@aol.com,jumpsuit,White,Wool,L,Classic,rent,Static/photosFolder/jumpsuit2.jfif,yes,Be'er Sheva
365,example37@tutanota.com,skirt,Orange,Georgette,M,Edgy,rent,Static/photosFolder/skirt1.jfif,yes,Ma'alot-Tarshiha
367,example16@mailinator.com,dress,Red,Suede,XS,Streetwear,rent,Static/photosFolder/dress8.jfif,yes,Ness Ziona
368,example52@gmx.com,dress,Gray,Silk,XS,Chic,rent,Static/photosFolder/dress9.jfif,yes,Ma'alot-Tarshiha
371,example77@tutanota.com,skirt,Green,Satin,L,Business Formal,rent,Static/photosFolder/skirt2.jfif,yes,Migdal HaEmek
373,example92@gmx.com,formal suit,Blue,Linen,S,Western,rent,Static/photosFolder/suit1.jpeg,yes,Dimona
374,example48@mail.com,dress,Red,Satin,S,Retro,rent,Static/photosFolder/dress4.webp,yes,Ramat Gan
375,example4@outlook.com,jumpsuit,Yellow,Polyester,L,Romantic,rent,Static/photosFolder/jumpsuit4.jfif,yes,Dimona
377,example18@domain.com,skirt,Black,Silk,XS,Athletic,rent,Static/photosFolder/skirt2.jfif,yes,Bat Yam
378,example27@mail.com,skirt,Purple,Satin,M,Retro,rent,Static/photosFolder/skirt2.jfif,yes,Ma'alot-Tarshiha
380,example64@icloud.com,formal suit,Red,Velvet,M,Chic,rent,Static/photosFolder/formalsuit2.jfif,yes,Ofakim
382,example19@msn.com,formal suit,White,Velvet,XS,Chic,rent,Static/photosFolder/formalsuit3.jfif,yes,Herzliya
383,example7@protonmail.com,dress,White,Satin,S,Minimalist,rent,Static/photosFolder/dress9.jfif,yes,Kiryat Bialik
384,example6@icloud.com,formal suit,Red,Satin,XS,Western,rent,Static/photosFolder/formalsuit1.jfif,yes,Ma'alot-Tarshiha
391,example9@live.com,formal suit,Green,Cotton,M,Gothic,rent,Static/photosFolder/formalsuit3.jfif,yes,Hol?n
393,example94@rocketmail.com,dress,Orange,Wool,XS,Chic,rent,Static/photosFolder/dress1.jpeg,yes,Giv'atayim
395,example99@msn.com,skirt,Green,Linen,M,Gothic,rent,Static/photosFolder/skirt2.jfif,yes,Hol?n
396,example82@yahoo.com,jumpsuit,Green,Satin,M,Streetwear,rent,Static/photosFolder/jumpsuit4.jfif,yes,Bat Yam
401,example72@rocketmail.com,dress,Gray,Georgette,XS,Formal,rent,Static/photosFolder/dress6.jfif,yes,Jerusalem
407,example81@gmail.com,skirt,Green,Velvet,XS,Chic,rent,Static/photosFolder/skirt3.jfif,yes,Or Akiva
409,example41@gmail.com,dress,Black,Satin,L,Business Formal,rent,Static/photosFolder/dress10.jfif,yes,Ramla
411,example57@tutanota.com,dress,Orange,Denim,M,Chic,rent,Static/photosFolder/dress8.jfif,yes,Modi'in-Maccabim-Re'ut
419,example34@inbox.com,formal suit,Black,Lace,L,Streetwear,rent,Static/photosFolder/formalsuit3.jfif,yes,Hadera
420,example58@domain.com,formal suit,White,Wool,M,Business Formal,rent,Static/photosFolder/formalsuit3.jfif,yes,Or Yehuda
422,example45@aol.com,jumpsuit,Purple,Satin,XS,Chic,rent,Static/photosFolder/jumpsuit4.jfif,yes,Kiryat Yam
423,example20@protonmail.ch,jumpsuit,Orange,Georgette,XS,Beachy,rent,Static/photosFolder/jumpsuit4.jfif,yes,Migdal HaEmek
426,example60@protonmail.ch,jumpsuit,Purple,Georgette,S,Classic,rent,Static/photosFolder/jumpsuit1.jfif,yes,Nazareth
427,example10@yandex.com,dress,Yellow,Wool,S,Classic,rent,Static/photosFolder/dress9.jfif,yes,Nazareth
428,example93@zoho.com,jumpsuit,Green,Cotton,XS,Streetwear,rent,Static/photosFolder/jumpsuit3.jfif,yes,Eilat
433,example5@aol.com,skirt,Purple,Lace,XS,Athletic,rent,Static/photosFolder/skirt1.jfif,yes,Netivot
438,example90@yandex.com,jumpsuit,Purple,Silk,M,Athletic,rent,Static/photosFolder/jumpsuit3.jfif,yes,Giv'atayim
440,example65@yandex.com,formal suit,Orange,Silk,XS,Casual,rent,Static/photosFolder/suit1.jpeg,yes,Hol?n
442,example23@gmail.com,formal suit,Blue,Polyester,L,Grunge,rent,Static/photosFolder/formalsuit3.jfif,yes,Arad
443,example82@yahoo.com,jumpsuit,Red,Leather,S,Business Formal,rent,Static/photosFolder/jumpsuit1.jfif,yes,Migdal HaEmek
445,example67@mail.com,formal suit,Black,Chiffon,M,Preppy,rent,Static/photosFolder/suit1.jpeg,yes,Herzliya
447,example58@domain.com,skirt,Orange,Georgette,XS,Retro,rent,Static/photosFolder/skirt2.jfif,yes,Kiryat Yam
448,example64@icloud.com,skirt,Green,Velvet,XS,Preppy,rent,Static/photosFolder/skirt3.jfif,yes,Ramat HaSharon
450,example84@outlook.com,dress,White,Leather,S,Business Formal,rent,Static/photosFolder/dress5.jfif,yes,Ramat HaSharon
454,example54@rocketmail.com,dress,Yellow,Satin,S,Vintage,rent,Static/photosFolder/dress1.jpeg,yes,Bnei Brak
455,example65@yandex.com,formal suit,Red,Leather,S,Grunge,rent,Static/photosFolder/suit1.jpg,yes,Ashkelon
460,example80@protonmail.ch,skirt,Yellow,Denim,XS,Western,rent,Static/photosFolder/skirt1.jfif,yes,Kiryat Yam
464,example54@rocketmail.com,skirt,Black,Polyester,M,Gothic,rent,Static/photosFolder/skirt3.jfif,yes,Ness Ziona
466,example15@fastmail.com,dress,Gray,Georgette,XS,Retro,rent,Static/photosFolder/dress2.jpeg,yes,Bnei Brak
468,example47@protonmail.com,dress,White,Chiffon,L,Retro,rent,Static/photosFolder/dress9.jfif,yes,Ramat HaSharon
471,example51@inbox.com,jumpsuit,Blue,Suede,L,Grunge,rent,Static/photosFolder/jumpsuit1.jfif,yes,Ramat Gan
472,example73@fastmail.com,skirt,Yellow,Cotton,XS,Vintage,rent,Static/photosFolder/skirt2.jfif,yes,Kiryat Yam
473,example26@hotmail.com,formal suit,Gray,Linen,M,Bohemian,rent,Static/photosFolder/formalsuit3.jfif,yes,Be'er Sheva
475,example59@msn.com,jumpsuit,Gray,Chiffon,S,Bohemian,rent,Static/photosFolder/jumpsuit1.jfif,yes,Jerusalem
480,example56@mailinator.com,dress,Yellow,Leather,M,Bohemian,rent,Static/photosFolder/dress10.jfif,yes,Lod
484,example59@msn.com,formal suit,Black,Denim,L,Gothic,rent,Static/photosFolder/suit1.jpg,yes,Giv'atayim
491,example54@rocketmail.com,formal suit,Black,Lace,XS,Business Formal,rent,Static/photosFolder/formalsuit2.jfif,yes,Kfar Saba
492,example84@outlook.com,formal suit,Black,Denim,M,Western,rent,Static/photosFolder/formalsuit3.jfif,yes,Kiryat Ono
495,example50@yandex.com,another,Orange,Georgette,XS,Edgy,rent,Static/photosFolder/another3.jfif,yes,Nazareth
496,example13@zoho.com,dress,Red,Linen,L,Romantic,rent,Static/photosFolder/dress4.webp,yes,Rehovot
498,example9@live.com,another,Green,Denim,S,Edgy,rent,Static/photosFolder/another2.jfif,yes,Kiryat Ono
499,example58@domain.com,formal suit,Yellow,Denim,S,Classic,rent,Static/photosFolder/formalsuit1.jfif,yes,Modi'in-Maccabim-Re'ut
500,example66@hotmail.com,formal suit,Green,Linen,S,Business Formal,rent,Static/photosFolder/formalsuit3.jfif,yes,Arad
502,example2@yahoo.com,formal suit,Purple,Linen,M,Beachy,rent,Static/photosFolder/formalsuit2.jfif,yes,Kiryat Gat
503,example27@mail.com,jumpsuit,White,Georgette,M,Vintage,rent,Static/photosFolder/jumpsuit4.jfif,yes,Kiryat Shmona
504,example88@mail.com,dress,Green,Tweed,S,Preppy,rent,Static/photosFolder/dress10.jfif,yes,Rehovot
505,example98@domain.com,jumpsuit,Green,Lace,S,Classic,rent,Static/photosFolder/jumpsuit4.jfif,yes,Be'er Sheva
506,example44@outlook.com,formal suit,Yellow,Silk,XS,Romantic,rent,Static/photosFolder/suit1.jpg,yes,Nazareth
6,example42@yahoo.com,skirt,Purple,Lace,XS,Romantic,rent,Static/photosFolder/skirt3.jfif,no,Be'er Sheva
7,example82@yahoo.com,skirt,Red,Suede,L,Romantic,rent,Static/photosFolder/skirt1.jfif,no,Netanya
10,example62@yahoo.com,formal suit,Black,Velvet,XS,Bohemian,rent,Static/photosFolder/formalsuit3.jfif,no,Jerusalem
13,example89@live.com,dress,White,Linen,M,Casual,rent,Static/photosFolder/dress6.jfif,no,Eilat
17,example58@domain.com,skirt,Gray,Suede,S,Retro,rent,Static/photosFolder/skirt2.jfif,no,Modi'in-Maccabim-Re'ut
18,example21@outlook.com,skirt,White,Denim,S,Beachy,rent,Static/photosFolder/skirt1.jfif,no,Kiryat Gat
20,example19@msn.com,dress,Red,Tweed,S,Western,rent,Static/photosFolder/dress3.webp,no,Ness Ziona
23,example4@outlook.com,formal suit,Black,Georgette,M,Beachy,rent,Static/photosFolder/formalsuit1.jfif,no,Ofakim
26,example53@zoho.com,formal suit,Black,Leather,XS,Classic,rent,Static/photosFolder/formalsuit2.jfif,no,Ramla
29,example75@protonmail.com,formal suit,Purple,Wool,S,Preppy,rent,Static/photosFolder/formalsuit3.jfif,no,Or Yehuda
32,example72@rocketmail.com,dress,Orange,Wool,M,Gothic,rent,Static/photosFolder/dress4.webp,no,Giv'atayim
33,example33@fastmail.com,dress,Blue,Cotton,XS,Athletic,rent,Static/photosFolder/dress5.jfif,no,Lod
35,example34@inbox.com,skirt,Red,Tweed,S,Streetwear,rent,Static/photosFolder/skirt1.jfif,no,Or Akiva
37,example83@hotmail.com,skirt,Black,Georgette,L,Streetwear,rent,Static/photosFolder/skirt3.jfif,no,Lod
43,example45@aol.com,skirt,Blue,Satin,XS,Vintage,rent,Static/photosFolder/skirt2.jfif,no,Herzliya
46,example37@tutanota.com,formal suit,Red,Polyester,XS,Preppy,rent,Static/photosFolder/suit1.jpg,no,Kiryat Motzkin
47,example6@icloud.com,formal suit,Purple,Georgette,M,Preppy,rent,Static/photosFolder/suit1.jpeg,no,Netivot
54,example82@yahoo.com,dress,Gray,Lace,S,Casual,rent,Static/photosFolder/dress4.webp,no,Modi'in-Maccabim-Re'ut
63,example62@yahoo.com,jumpsuit,Yellow,Cotton,M,Retro,rent,Static/photosFolder/jumpsuit4.jfif,no,Kiryat Motzkin
64,example21@outlook.com,dress,Orange,Leather,S,Business Formal,rent,Static/photosFolder/dress5.jfif,no,Petah Tikva
65,example84@outlook.com,jumpsuit,Red,Suede,L,Athletic,rent,Static/photosFolder/jumpsuit4.jfif,no,Kiryat Gat
71,example12@gmx.com,dress,Green,Satin,XS,Chic,rent,Static/photosFolder/dress7.jfif,no,Migdal HaEmek
74,example51@inbox.com,skirt,Blue,Linen,L,Grunge,rent,Static/photosFolder/skirt2.jfif,no,Arad
79,example16@mailinator.com,jumpsuit,Blue,Tweed,XS,Minimalist,rent,Static/photosFolder/jumpsuit2.jfif,no,Hod HaSharon
82,example19@msn.com,skirt,Blue,Silk,M,Grunge,rent,Static/photosFolder/skirt3.jfif,no,Eilat
87,example45@aol.com,jumpsuit,Gray,Silk,L,Western,rent,Static/photosFolder/jumpsuit1.jfif,no,Ness Ziona
91,example33@fastmail.com,formal suit,Black,Polyester,XS,Chic,rent,Static/photosFolder/formalsuit2.jfif,no,Kiryat Ono
92,example54@rocketmail.com,formal suit,White,Polyester,XS,Beachy,rent,Static/photosFolder/formalsuit1.jfif,no,Ramat Gan
96,example31@zoho.com,dress,Black,Polyester,S,Vintage,rent,Static/photosFolder/dress2.jpeg,no,Jerusalem
100,example76@mailinator.com,skirt,Yellow,Cotton,XS,Vintage,rent,Static/photosFolder/skirt1.jfif,no,Lod
107,example91@inbox.com,skirt,Purple,Suede,M,Edgy,rent,Static/photosFolder/skirt3.jfif,no,Ashkelon
108,example45@aol.com,formal suit,White,Velvet,S,Casual,rent,Static/photosFolder/suit1.jpeg,no,Netanya
114,example41@gmail.com,jumpsuit,Gray,Georgette,L,Romantic,rent,Static/photosFolder/jumpsuit3.jfif,no,Kiryat Motzkin
127,example94@rocketmail.com,skirt,Red,Suede,M,Gothic,rent,Static/photosFolder/skirt2.jfif,no,Hol?n
128,example27@mail.com,skirt,Green,Denim,M,Casual,rent,Static/photosFolder/skirt1.jfif,no,Kfar Saba
131,example7@protonmail.com,jumpsuit,Black,Cotton,XS,Athletic,rent,Static/photosFolder/jumpsuit2.jfif,no,Ramat Gan
135,example20@protonmail.ch,skirt,Red,Chiffon,S,Minimalist,rent,Static/photosFolder/skirt1.jfif,no,Ashkelon
141,example69@aol.com,dress,Yellow,Wool,S,Classic,rent,Static/photosFolder/dress7.jfif,no,Nazareth
143,example70@gmx.com,formal suit,Green,Satin,L,Classic,rent,Static/photosFolder/formalsuit1.jfif,no,Giv'atayim
145,example6@icloud.com,skirt,Purple,Satin,XS,Grunge,rent,Static/photosFolder/skirt2.jfif,no,Kiryat Malakhi
147,example15@fastmail.com,dress,Black,Cotton,M,Chic,rent,Static/photosFolder/dress7.jfif,no,Ramat Gan
151,example70@gmx.com,dress,Gray,Suede,S,Athletic,rent,Static/photosFolder/dress6.jfif,no,Rehovot
156,example17@tutanota.com,jumpsuit,White,Suede,S,Formal,rent,Static/photosFolder/jumpsuit4.jfif,no,Dimona
157,example17@tutanota.com,dress,Blue,Linen,L,Minimalist,rent,Static/photosFolder/dress5.jfif,no,Giv'atayim
159,example40@protonmail.ch,dress,Black,Cotton,S,Formal,rent,Static/photosFolder/dress3.webp,no,Bat Yam
164,example53@zoho.com,dress,Blue,Wool,L,Vintage,rent,Static/photosFolder/dress5.jfif,no,Kiryat Malakhi
165,example72@rocketmail.com,formal suit,Red,Georgette,L,Edgy,rent,Static/photosFolder/suit1.jpg,no,Rehovot
166,example55@fastmail.com,skirt,Purple,Satin,XS,Gothic,rent,Static/photosFolder/skirt3.jfif,no,Migdal HaEmek
169,example58@domain.com,formal suit,White,Denim,XS,Business Formal,rent,Static/photosFolder/formalsuit3.jfif,no,Kiryat Ono
172,example41@gmail.com,skirt,Green,Tweed,XS,Beachy,rent,Static/photosFolder/skirt1.jfif,no,Kiryat Bialik
173,example18@domain.com,dress,Red,Wool,L,Business Formal,rent,Static/photosFolder/dress2.jpeg,no,Ra'anana
178,example82@yahoo.com,dress,Red,Lace,S,Grunge,rent,Static/photosFolder/dress10.jfif,no,Kiryat Shmona
180,example49@live.com,jumpsuit,Black,Chiffon,L,Minimalist,rent,Static/photosFolder/jumpsuit3.jfif,no,Hod HaSharon
181,example77@tutanota.com,jumpsuit,Blue,Suede,M,Minimalist,rent,Static/photosFolder/jumpsuit3.jfif,no,Ma'alot-Tarshiha
185,example90@yandex.com,jumpsuit,Yellow,Velvet,XS,Business Formal,rent,Static/photosFolder/jumpsuit2.jfif,no,Bat Yam
187,example90@yandex.com,dress,Purple,Denim,XS,Classic,rent,Static/photosFolder/dress4.webp,no,Bat Yam
189,example14@rocketmail.com,formal suit,Red,Leather,XS,Casual,rent,Static/photosFolder/suit1.jpeg,no,Or Yehuda
195,example79@msn.com,jumpsuit,White,Tweed,XS,Vintage,rent,Static/photosFolder/jumpsuit2.jfif,no,Ness Ziona
196,example56@mailinator.com,skirt,Black,Georgette,L,Minimalist,rent,Static/photosFolder/skirt1.jfif,no,Jerusalem
200,example82@yahoo.com,skirt,Green,Cotton,XS,Western,rent,Static/photosFolder/skirt3.jfif,no,Giv'atayim
203,example89@live.com,skirt,Gray,Linen,S,Beachy,rent,Static/photosFolder/skirt2.jfif,no,Kiryat Shmona
209,example18@domain.com,jumpsuit,Orange,Satin,XS,Streetwear,rent,Static/photosFolder/jumpsuit3.jfif,no,Netanya
214,example13@zoho.com,formal suit,Black,Denim,M,Business Casual,rent,Static/photosFolder/suit1.jpeg,no,Kiryat Gat
221,example2@yahoo.com,skirt,Black,Polyester,S,Chic,rent,Static/photosFolder/skirt1.jfif,no,Kiryat Malakhi
232,example12@gmx.com,skirt,Purple,Silk,L,Chic,rent,Static/photosFolder/skirt1.jfif,no,Ra'anana
235,example90@yandex.com,skirt,Purple,Lace,XS,Beachy,rent,Static/photosFolder/skirt3.jfif,no,Kiryat Ono
236,example83@hotmail.com,skirt,Purple,Cotton,L,Streetwear,rent,Static/photosFolder/skirt2.jfif,no,Ashkelon
240,example58@domain.com,skirt,Red,Cotton,M,Business Casual,rent,Static/photosFolder/skirt2.jfif,no,Karmiel
242,example1@gmail.com,formal suit,Gray,Denim,S,Formal,rent,Static/photosFolder/formalsuit2.jfif,no,Haifa
250,example37@tutanota.com,formal suit,Red,Wool,S,Formal,rent,Static/photosFolder/suit1.jpg,no,Haifa
252,example77@tutanota.com,skirt,Gray,Cotton,L,Beachy,rent,Static/photosFolder/skirt2.jfif,no,Modi'in-Maccabim-Re'ut
257,example63@gmail.com,skirt,Yellow,Satin,M,Romantic,rent,Static/photosFolder/skirt3.jfif,no,Kiryat Ata
262,example29@aol.com,jumpsuit,Red,Satin,S,Beachy,rent,Static/photosFolder/jumpsuit2.jfif,no,Ofakim
265,example31@zoho.com,dress,Blue,Linen,M,Business Casual,rent,Static/photosFolder/dress2.jpeg,no,Ra'anana
272,example61@outlook.com,formal suit,Black,Georgette,L,Romantic,rent,Static/photosFolder/formalsuit1.jfif,no,Or Yehuda
277,example75@protonmail.com,skirt,Yellow,Cotton,S,Streetwear,rent,Static/photosFolder/skirt1.jfif,no,Bat Yam
281,example98@domain.com,jumpsuit,Yellow,Cotton,L,Business Casual,rent,Static/photosFolder/jumpsuit4.jfif,no,Herzliya
282,example85@aol.com,formal suit,Orange,Linen,L,Minimalist,rent,Static/photosFolder/suit1.jpg,no,Karmiel
290,example87@protonmail.com,jumpsuit,Orange,Polyester,XS,Business Casual,rent,Static/photosFolder/jumpsuit1.jfif,no,Or Akiva
297,example88@mail.com,formal suit,White,Denim,M,Business Casual,rent,Static/photosFolder/formalsuit3.jfif,no,Hol?n
301,example16@mailinator.com,skirt,Green,Wool,M,Western,rent,Static/photosFolder/skirt2.jfif,no,Bat Yam
303,example99@msn.com,skirt,Black,Linen,L,Streetwear,rent,Static/photosFolder/skirt2.jfif,no,Bat Yam
304,example9@live.com,formal suit,Purple,Tweed,L,Streetwear,rent,Static/photosFolder/formalsuit1.jfif,no,Nahariya
307,example57@tutanota.com,jumpsuit,Green,Lace,XS,Romantic,rent,Static/photosFolder/jumpsuit3.jfif,no,Jerusalem
316,example73@fastmail.com,jumpsuit,Blue,Tweed,S,Western,rent,Static/photosFolder/jumpsuit2.jfif,no,Herzliya
320,example97@tutanota.com,dress,Red,Georgette,XS,Athletic,rent,Static/photosFolder/dress6.jfif,no,Be'er Sheva
334,example50@yandex.com,dress,Gray,Linen,S,Minimalist,rent,Static/photosFolder/dress5.jfif,no,Modi'in-Maccabim-Re'ut
340,example94@rocketmail.com,formal suit,Purple,Lace,S,Retro,rent,Static/photosFolder/formalsuit2.jfif,no,Ra'anana
353,example24@icloud.com,skirt,Purple,Georgette,M,Athletic,rent,Static/photosFolder/skirt1.jfif,no,Lod
354,example25@yandex.com,jumpsuit,Black,Lace,L,Business Casual,rent,Static/photosFolder/jumpsuit2.jfif,no,Eilat
355,example62@yahoo.com,skirt,Blue,Linen,L,Romantic,rent,Static/photosFolder/skirt2.jfif,no,Hadera
385,example95@fastmail.com,dress,White,Cotton,M,Minimalist,rent,Static/photosFolder/dress1.jpeg,no,Kfar Saba
386,example56@mailinator.com,skirt,Gray,Suede,M,Athletic,rent,Static/photosFolder/skirt3.jfif,no,Herzliya
387,example35@protonmail.com,skirt,Orange,Cotton,XS,Business Formal,rent,Static/photosFolder/skirt1.jfif,no,Ramat HaSharon
388,example58@domain.com,dress,Yellow,Lace,M,Minimalist,rent,Static/photosFolder/dress2.jpeg,no,Kfar Saba
389,example88@mail.com,dress,Gray,Tweed,L,Minimalist,rent,Static/photosFolder/dress5.jfif,no,Ramat HaSharon
392,example48@mail.com,skirt,Purple,Leather,XS,Classic,rent,Static/photosFolder/skirt1.jfif,no,Giv'atayim
394,example72@rocketmail.com,skirt,Blue,Leather,XS,Streetwear,rent,Static/photosFolder/skirt2.jfif,no,Kiryat Motzkin
400,example92@gmx.com,skirt,Gray,Denim,XS,Retro,rent,Static/photosFolder/skirt2.jfif,no,Kiryat Gat
408,example24@icloud.com,dress,White,Lace,XS,Beachy,rent,Static/photosFolder/dress10.jfif,no,Jerusalem
410,example4@outlook.com,skirt,Orange,Tweed,S,Classic,rent,Static/photosFolder/skirt1.jfif,no,Kiryat Yam
416,example99@msn.com,skirt,Yellow,Cotton,S,Athletic,rent,Static/photosFolder/skirt3.jfif,no,Kiryat Yam
424,example79@msn.com,dress,Green,Cotton,S,Bohemian,rent,Static/photosFolder/dress10.jfif,no,Hod HaSharon
429,example3@hotmail.com,jumpsuit,Gray,Polyester,M,Classic,rent,Static/photosFolder/jumpsuit4.jfif,no,Arad
434,example80@protonmail.ch,skirt,Purple,Leather,XS,Grunge,rent,Static/photosFolder/skirt3.jfif,no,Ramat HaSharon
437,example46@icloud.com,dress,Red,Suede,L,Bohemian,rent,Static/photosFolder/dress2.jpeg,no,Hod HaSharon
444,example61@outlook.com,jumpsuit,Red,Tweed,XS,Romantic,rent,Static/photosFolder/jumpsuit2.jfif,no,Ramat Gan
452,example34@inbox.com,formal suit,Purple,Wool,L,Formal,rent,Static/photosFolder/suit1.jpg,no,Dimona
456,example82@yahoo.com,jumpsuit,Green,Lace,S,Business Casual,rent,Static/photosFolder/jumpsuit3.jfif,no,Rehovot
457,example48@mail.com,dress,White,Cotton,M,Chic,rent,Static/photosFolder/dress8.jfif,no,Kiryat Ata
459,example78@domain.com,formal suit,Gray,Cotton,XS,Gothic,rent,Static/photosFolder/formalsuit1.jfif,no,Ra'anana
461,example37@tutanota.com,skirt,Blue,Linen,XS,Chic,rent,Static/photosFolder/skirt3.jfif,no,Ramat Gan
463,example35@protonmail.com,formal suit,Orange,Wool,M,Chic,rent,Static/photosFolder/suit1.jpeg,no,Kiryat Yam
477,example40@protonmail.ch,jumpsuit,White,Silk,M,Classic,rent,Static/photosFolder/jumpsuit4.jfif,no,Migdal HaEmek
481,example3@hotmail.com,dress,Gray,Linen,M,Business Formal,rent,Static/photosFolder/dress6.jfif,no,Be'er Sheva
485,example68@live.com,dress,Blue,Polyester,S,Gothic,rent,Static/photosFolder/dress1.jpeg,no,Herzliya
488,example49@live.com,dress,White,Wool,S,Edgy,rent,Static/photosFolder/dress4.webp,no,Bat Yam
497,example63@gmail.com,dress,White,Polyester,L,Minimalist,rent,Static/photosFolder/dress4.webp,no,Nazareth
501,example77@tutanota.com,dress,White,Linen,L,Chic,rent,Static/photosFolder/dress10.jfif,no,Karmiel
1,example97@tutanota.com,formal suit,Black,Denim,S,Grunge,taking,Static/photosFolder/formalsuit1.jfif,yes,Migdal HaEmek
3,example38@domain.com,formal suit,Orange,Georgette,L,Athletic,taking,Static/photosFolder/formalsuit2.jfif,yes,Arad
9,example38@domain.com,skirt,Gray,Lace,L,Streetwear,taking,Static/photosFolder/skirt3.jfif,yes,Be'er Sheva
15,example81@gmail.com,formal suit,Black,Lace,L,Formal,taking,Static/photosFolder/formalsuit3.jfif,yes,Rehovot
16,example96@mailinator.com,formal suit,Gray,Velvet,XS,Vintage,taking,Static/photosFolder/formalsuit2.jfif,yes,Eilat
21,example80@protonmail.ch,jumpsuit,White,Lace,L,Minimalist,taking,Static/photosFolder/jumpsuit2.jfif,yes,Ashkelon
22,example54@rocketmail.com,jumpsuit,White,Leather,S,Grunge,taking,Static/photosFolder/jumpsuit2.jfif,yes,Bat Yam
24,example1@gmail.com,formal suit,Gray,Lace,S,Gothic,taking,Static/photosFolder/suit1.jpg,yes,Dimona
39,example49@live.com,dress,Gray,Denim,L,Bohemian,taking,Static/photosFolder/dress9.jfif,yes,Jerusalem
42,example37@tutanota.com,dress,Yellow,Chiffon,L,Bohemian,taking,Static/photosFolder/dress5.jfif,yes,Bnei Brak
50,example21@outlook.com,skirt,Purple,Lace,XS,Vintage,taking,Static/photosFolder/skirt1.jfif,yes,Be'er Sheva
53,example25@yandex.com,skirt,Blue,Wool,L,Business Casual,taking,Static/photosFolder/skirt2.jfif,yes,Kfar Saba
56,example96@mailinator.com,formal suit,Black,Suede,XS,Chic,taking,Static/photosFolder/suit1.jpeg,yes,Netivot
60,example2@yahoo.com,skirt,Orange,Lace,XS,Retro,taking,Static/photosFolder/skirt3.jfif,yes,Ra'anana
66,example22@yahoo.com,formal suit,Purple,Silk,XS,Romantic,taking,Static/photosFolder/formalsuit3.jfif,yes,Or Akiva
69,example65@yandex.com,dress,Purple,Linen,L,Retro,taking,Static/photosFolder/dress3.webp,yes,Kiryat Bialik
70,example65@yandex.com,jumpsuit,Gray,Polyester,XS,Casual,taking,Static/photosFolder/jumpsuit2.jfif,yes,Ra'anana
72,example45@aol.com,skirt,Black,Wool,L,Gothic,taking,Static/photosFolder/skirt2.jfif,yes,Karmiel
73,example91@inbox.com,skirt,Purple,Denim,S,Business Formal,taking,Static/photosFolder/skirt3.jfif,yes,Kiryat Ono
76,example3@hotmail.com,dress,White,Leather,XS,Western,taking,Static/photosFolder/dress7.jfif,yes,Kiryat Shmona
78,example66@hotmail.com,jumpsuit,White,Satin,L,Edgy,taking,Static/photosFolder/jumpsuit1.jfif,yes,Hod HaSharon
80,example96@mailinator.com,skirt,White,Cotton,XS,Formal,taking,Static/photosFolder/skirt1.jfif,yes,Kiryat Motzkin
84,example12@gmx.com,jumpsuit,White,Chiffon,M,Romantic,taking,Static/photosFolder/jumpsuit3.jfif,yes,Kiryat Bialik
85,example42@yahoo.com,formal suit,Purple,Satin,L,Vintage,taking,Static/photosFolder/formalsuit1.jfif,yes,Ma'alot-Tarshiha
86,example60@protonmail.ch,dress,Green,Tweed,XS,Streetwear,taking,Static/photosFolder/dress6.jfif,yes,Ma'alot-Tarshiha
93,example26@hotmail.com,skirt,Blue,Velvet,M,Preppy,taking,Static/photosFolder/skirt1.jfif,yes,Petah Tikva
103,example60@protonmail.ch,formal suit,Green,Leather,L,Business Formal,taking,Static/photosFolder/suit1.jpg,yes,Kiryat Ata
104,example28@live.com,formal suit,Green,Suede,S,Bohemian,taking,Static/photosFolder/formalsuit3.jfif,yes,Arad
109,example88@mail.com,skirt,Red,Wool,M,Gothic,taking,Static/photosFolder/skirt1.jfif,yes,Bat Yam
110,example78@domain.com,formal suit,Purple,Georgette,XS,Chic,taking,Static/photosFolder/formalsuit2.jfif,yes,Karmiel
115,example90@yandex.com,jumpsuit,Blue,Linen,M,Casual,taking,Static/photosFolder/jumpsuit3.jfif,yes,Ramat Gan
116,example36@mailinator.com,dress,Black,Polyester,S,Chic,taking,Static/photosFolder/dress5.jfif,yes,Hol?n
117,example26@hotmail.com,jumpsuit,White,Linen,M,Formal,taking,Static/photosFolder/jumpsuit3.jfif,yes,Be'er Sheva
123,example72@rocketmail.com,dress,White,Cotton,L,Vintage,taking,Static/photosFolder/dress3.webp,yes,Giv'atayim
125,example47@protonmail.com,formal suit,White,Satin,L,Streetwear,taking,Static/photosFolder/formalsuit1.jfif,yes,Hadera
134,example39@msn.com,dress,White,Cotton,L,Retro,taking,Static/photosFolder/dress8.jfif,yes,Kiryat Ata
136,example32@rocketmail.com,jumpsuit,White,Leather,XS,Gothic,taking,Static/photosFolder/jumpsuit2.jfif,yes,Nazareth
137,example72@rocketmail.com,dress,Blue,Cotton,M,Formal,taking,Static/photosFolder/dress4.webp,yes,Kiryat Malakhi
163,example21@outlook.com,jumpsuit,Purple,Suede,XS,Minimalist,taking,Static/photosFolder/jumpsuit3.jfif,yes,Karmiel
167,example78@domain.com,jumpsuit,Yellow,Denim,M,Minimalist,taking,Static/photosFolder/jumpsuit2.jfif,yes,Ashkelon
168,example35@protonmail.com,skirt,Red,Polyester,S,Gothic,taking,Static/photosFolder/skirt2.jfif,yes,Hod HaSharon
175,example51@inbox.com,dress,Gray,Polyester,XS,Formal,taking,Static/photosFolder/dress6.jfif,yes,Or Yehuda
193,example88@mail.com,formal suit,Orange,Silk,S,Western,taking,Static/photosFolder/formalsuit1.jfif,yes,Kiryat Malakhi
205,example64@icloud.com,formal suit,Gray,Chiffon,L,Gothic,taking,Static/photosFolder/suit1.jpg,yes,Ma'alot-Tarshiha
206,example21@outlook.com,jumpsuit,Blue,Velvet,M,Grunge,taking,Static/photosFolder/jumpsuit1.jfif,yes,Giv'atayim
211,example30@gmx.com,dress,Gray,Chiffon,S,Romantic,taking,Static/photosFolder/dress10.jfif,yes,Karmiel
212,example23@gmail.com,dress,White,Chiffon,M,Streetwear,taking,Static/photosFolder/dress7.jfif,yes,Kiryat Ata
213,example72@rocketmail.com,skirt,Black,Polyester,M,Athletic,taking,Static/photosFolder/skirt1.jfif,yes,Bat Yam
215,example3@hotmail.com,dress,Green,Denim,S,Beachy,taking,Static/photosFolder/dress5.jfif,yes,Nesher
224,example62@yahoo.com,dress,Blue,Cotton,S,Bohemian,taking,Static/photosFolder/dress10.jfif,yes,Bnei Brak
226,example82@yahoo.com,jumpsuit,Black,Polyester,S,Chic,taking,Static/photosFolder/jumpsuit2.jfif,yes,Netanya
231,example8@mail.com,jumpsuit,Black,Satin,M,Beachy,taking,Static/photosFolder/jumpsuit2.jfif,yes,Bat Yam
238,example21@outlook.com,skirt,Orange,Linen,L,Grunge,taking,Static/photosFolder/skirt1.jfif,yes,Hadera
251,example81@gmail.com,jumpsuit,Blue,Georgette,XS,Business Formal,taking,Static/photosFolder/jumpsuit4.jfif,yes,Ness Ziona
261,example60@protonmail.ch,dress,Orange,Lace,L,Beachy,taking,Static/photosFolder/dress5.jfif,yes,Bnei Brak
264,example95@fastmail.com,skirt,Blue,Chiffon,M,Gothic,taking,Static/photosFolder/skirt3.jfif,yes,Hod HaSharon
268,example69@aol.com,formal suit,Yellow,Georgette,S,Beachy,taking,Static/photosFolder/formalsuit3.jfif,yes,Migdal HaEmek
278,example85@aol.com,skirt,Purple,Wool,XS,Edgy,taking,Static/photosFolder/skirt3.jfif,yes,Kiryat Motzkin
280,example80@protonmail.ch,formal suit,Black,Suede,M,Preppy,taking,Static/photosFolder/formalsuit3.jfif,yes,Ashkelon
283,example46@icloud.com,formal suit,Yellow,Suede,XS,Western,taking,Static/photosFolder/formalsuit1.jfif,yes,Kfar Saba
286,example46@icloud.com,formal suit,Yellow,Suede,S,Chic,taking,Static/photosFolder/formalsuit1.jfif,yes,Ra'anana
289,example80@protonmail.ch,formal suit,Green,Velvet,S,Gothic,taking,Static/photosFolder/formalsuit2.jfif,yes,Ramat Gan
293,example32@rocketmail.com,dress,White,Suede,S,Vintage,taking,Static/photosFolder/dress10.jfif,yes,Netanya
295,example13@zoho.com,dress,Purple,Silk,XS,Minimalist,taking,Static/photosFolder/dress4.webp,yes,Netanya
305,example75@protonmail.com,formal suit,Purple,Satin,L,Casual,taking,Static/photosFolder/formalsuit1.jfif,yes,Eilat
306,example96@mailinator.com,dress,Gray,Chiffon,XS,Romantic,taking,Static/photosFolder/dress9.jfif,yes,Arad
309,example24@icloud.com,jumpsuit,Red,Suede,XS,Romantic,taking,Static/photosFolder/jumpsuit1.jfif,yes,Kfar Saba
311,example87@protonmail.com,dress,Purple,Georgette,S,Business Casual,taking,Static/photosFolder/dress1.jpeg,yes,Ra'anana
319,example5@aol.com,jumpsuit,Black,Leather,L,Bohemian,taking,Static/photosFolder/jumpsuit1.jfif,yes,Ramat HaSharon
324,example89@live.com,jumpsuit,White,Georgette,M,Athletic,taking,Static/photosFolder/jumpsuit3.jfif,yes,Arad
326,example8@mail.com,dress,Purple,Lace,XS,Minimalist,taking,Static/photosFolder/dress4.webp,yes,Rehovot
337,example32@rocketmail.com,jumpsuit,Black,Denim,L,Retro,taking,Static/photosFolder/jumpsuit4.jfif,yes,Hol?n
339,example14@rocketmail.com,dress,Black,Tweed,S,Grunge,taking,Static/photosFolder/dress7.jfif,yes,Kiryat Ata
341,example9@live.com,jumpsuit,Gray,Lace,L,Bohemian,taking,Static/photosFolder/jumpsuit1.jfif,yes,Rehovot
350,example91@inbox.com,skirt,Blue,Polyester,S,Romantic,taking,Static/photosFolder/skirt3.jfif,yes,Ness Ziona
351,example34@inbox.com,formal suit,Blue,Suede,XS,Vintage,taking,Static/photosFolder/formalsuit2.jfif,yes,Nazareth
357,example77@tutanota.com,skirt,White,Tweed,L,Romantic,taking,Static/photosFolder/skirt1.jfif,yes,Ramat Gan
360,example4@outlook.com,formal suit,Gray,Velvet,XS,Western,taking,Static/photosFolder/formalsuit3.jfif,yes,Ofakim
361,example22@yahoo.com,formal suit,Red,Wool,XS,Minimalist,taking,Static/photosFolder/suit1.jpeg,yes,Or Yehuda
366,example9@live.com,dress,Blue,Suede,L,Romantic,taking,Static/photosFolder/dress2.jpeg,yes,Kiryat Bialik
369,example7@protonmail.com,skirt,Gray,Velvet,XS,Minimalist,taking,Static/photosFolder/skirt1.jfif,yes,Hol?n
370,example52@gmx.com,dress,Blue,Linen,S,Retro,taking,Static/photosFolder/dress7.jfif,yes,Kfar Saba
372,example89@live.com,formal suit,Gray,Velvet,M,Athletic,taking,Static/photosFolder/formalsuit2.jfif,yes,Nesher
379,example80@protonmail.ch,jumpsuit,Gray,Denim,S,Casual,taking,Static/photosFolder/jumpsuit1.jfif,yes,Petah Tikva
390,example53@zoho.com,formal suit,Yellow,Wool,XS,Streetwear,taking,Static/photosFolder/formalsuit2.jfif,yes,Herzliya
398,example44@outlook.com,formal suit,Gray,Georgette,M,Streetwear,taking,Static/photosFolder/formalsuit3.jfif,yes,Ramat Gan
399,example40@protonmail.ch,jumpsuit,Yellow,Tweed,S,Minimalist,taking,Static/photosFolder/jumpsuit2.jfif,yes,Kiryat Ono
404,example44@outlook.com,skirt,Blue,Wool,XS,Preppy,taking,Static/photosFolder/skirt1.jfif,yes,Kfar Saba
405,example94@rocketmail.com,formal suit,Purple,Chiffon,S,Vintage,taking,Static/photosFolder/suit1.jpeg,yes,Modi'in-Maccabim-Re'ut
412,example2@yahoo.com,jumpsuit,Green,Chiffon,M,Streetwear,taking,Static/photosFolder/jumpsuit1.jfif,yes,Hol?n
414,example87@protonmail.com,formal suit,Orange,Polyester,L,Romantic,taking,Static/photosFolder/formalsuit2.jfif,yes,Jerusalem
415,example48@mail.com,skirt,Red,Velvet,L,Grunge,taking,Static/photosFolder/skirt2.jfif,yes,Eilat
417,example99@msn.com,dress,Orange,Lace,M,Grunge,taking,Static/photosFolder/dress5.jfif,yes,Ramla
421,example65@yandex.com,jumpsuit,Blue,Georgette,XS,Formal,taking,Static/photosFolder/jumpsuit2.jfif,yes,Netanya
425,example65@yandex.com,skirt,Gray,Georgette,L,Edgy,taking,Static/photosFolder/skirt2.jfif,yes,Rehovot
430,example6@icloud.com,jumpsuit,Black,Leather,L,Minimalist,taking,Static/photosFolder/jumpsuit2.jfif,yes,Jerusalem
431,example82@yahoo.com,formal suit,Blue,Wool,XS,Streetwear,taking,Static/photosFolder/suit1.jpeg,yes,Jerusalem
436,example12@gmx.com,dress,Yellow,Tweed,M,Athletic,taking,Static/photosFolder/dress9.jfif,yes,Ashkelon
439,example30@gmx.com,jumpsuit,Purple,Suede,M,Bohemian,taking,Static/photosFolder/jumpsuit1.jfif,yes,Or Akiva
453,example13@zoho.com,jumpsuit,Gray,Suede,S,Preppy,taking,Static/photosFolder/jumpsuit4.jfif,yes,Or Yehuda
458,example95@fastmail.com,skirt,Red,Cotton,S,Minimalist,taking,Static/photosFolder/skirt1.jfif,yes,Rehovot
469,example13@zoho.com,jumpsuit,Black,Linen,L,Minimalist,taking,Static/photosFolder/jumpsuit1.jfif,yes,Or Akiva
470,example26@hotmail.com,skirt,White,Leather,XS,Athletic,taking,Static/photosFolder/skirt3.jfif,yes,Nazareth
474,example91@inbox.com,jumpsuit,Black,Tweed,M,Western,taking,Static/photosFolder/jumpsuit4.jfif,yes,Migdal HaEmek
479,example7@protonmail.com,dress,Purple,Tweed,S,Bohemian,taking,Static/photosFolder/dress6.jfif,yes,Nesher
482,example67@mail.com,dress,Blue,Velvet,XS,Vintage,taking,Static/photosFolder/dress2.jpeg,yes,Ashkelon
483,example71@zoho.com,another,Gray,Satin,L,Business Formal,taking,Static/photosFolder/another2.jfif,yes,Be'er Sheva
486,example60@protonmail.ch,jumpsuit,Red,Satin,M,Streetwear,taking,Static/photosFolder/jumpsuit4.jfif,yes,Or Yehuda
487,example43@hotmail.com,formal suit,White,Silk,XS,Western,taking,Static/photosFolder/suit1.jpeg,yes,Kiryat Shmona
489,example97@tutanota.com,another,Orange,Denim,S,Casual,taking,Static/photosFolder/another2.jfif,yes,Ramla
490,example52@gmx.com,dress,Red,Georgette,S,Formal,taking,Static/photosFolder/dress4.webp,yes,Eilat
11,example89@live.com,jumpsuit,Yellow,Denim,M,Romantic,taking,Static/photosFolder/jumpsuit1.jfif,no,Or Akiva
14,example99@msn.com,dress,White,Leather,M,Formal,taking,Static/photosFolder/dress8.jfif,no,Kiryat Ata
27,example3@hotmail.com,jumpsuit,Green,Chiffon,L,Casual,taking,Static/photosFolder/jumpsuit4.jfif,no,Hod HaSharon
28,example91@inbox.com,dress,Purple,Wool,M,Romantic,taking,Static/photosFolder/dress1.jpeg,no,Ashdod
44,example79@msn.com,skirt,Red,Georgette,M,Business Casual,taking,Static/photosFolder/skirt3.jfif,no,Lod
59,example66@hotmail.com,skirt,Orange,Silk,XS,Classic,taking,Static/photosFolder/skirt2.jfif,no,Eilat
67,example20@protonmail.ch,dress,Green,Denim,XS,Classic,taking,Static/photosFolder/dress2.jpeg,no,Netivot
83,example20@protonmail.ch,jumpsuit,Blue,Lace,S,Chic,taking,Static/photosFolder/jumpsuit3.jfif,no,Or Yehuda
90,example34@inbox.com,jumpsuit,Red,Tweed,L,Gothic,taking,Static/photosFolder/jumpsuit1.jfif,no,Hadera
94,example64@icloud.com,formal suit,Purple,Suede,L,Athletic,taking,Static/photosFolder/suit1.jpeg,no,Bat Yam
97,example21@outlook.com,jumpsuit,Orange,Cotton,S,Vintage,taking,Static/photosFolder/jumpsuit2.jfif,no,Ramla
111,example49@live.com,dress,Blue,Suede,L,Gothic,taking,Static/photosFolder/dress10.jfif,no,Netivot
124,example55@fastmail.com,skirt,Black,Silk,L,Vintage,taking,Static/photosFolder/skirt1.jfif,no,Giv'atayim
138,example15@fastmail.com,formal suit,Red,Georgette,XS,Business Formal,taking,Static/photosFolder/suit1.jpg,no,Netanya
155,example31@zoho.com,skirt,Gray,Suede,XS,Edgy,taking,Static/photosFolder/skirt1.jfif,no,Jerusalem
158,example21@outlook.com,dress,Red,Velvet,L,Bohemian,taking,Static/photosFolder/dress6.jfif,no,Kiryat Gat
160,example72@rocketmail.com,formal suit,Green,Linen,L,Bohemian,taking,Static/photosFolder/formalsuit3.jfif,no,Jerusalem
170,example71@zoho.com,formal suit,Green,Tweed,M,Romantic,taking,Static/photosFolder/formalsuit3.jfif,no,Modi'in-Maccabim-Re'ut
179,example23@gmail.com,formal suit,Yellow,Silk,S,Western,taking,Static/photosFolder/formalsuit2.jfif,no,Herzliya
182,example74@inbox.com,skirt,Green,Linen,S,Streetwear,taking,Static/photosFolder/skirt2.jfif,no,Nahariya
190,example74@inbox.com,jumpsuit,Orange,Cotton,M,Classic,taking,Static/photosFolder/jumpsuit4.jfif,no,Eilat
192,example56@mailinator.com,skirt,Orange,Tweed,XS,Beachy,taking,Static/photosFolder/skirt2.jfif,no,Ramat HaSharon
197,example81@gmail.com,dress,Blue,Wool,XS,Gothic,taking,Static/photosFolder/dress6.jfif,no,Ashkelon
230,example44@outlook.com,jumpsuit,Yellow,Leather,M,Casual,taking,Static/photosFolder/jumpsuit4.jfif,no,Haifa
237,example37@tutanota.com,jumpsuit,Orange,Silk,XS,Gothic,taking,Static/photosFolder/jumpsuit2.jfif,no,Netivot
239,example6@icloud.com,formal suit,Orange,Georgette,L,Grunge,taking,Static/photosFolder/formalsuit1.jfif,no,Lod
263,example4@outlook.com,formal suit,Green,Chiffon,M,Business Casual,taking,Static/photosFolder/formalsuit3.jfif,no,Ofakim
267,example67@mail.com,jumpsuit,White,Suede,XS,Minimalist,taking,Static/photosFolder/jumpsuit2.jfif,no,Rehovot
273,example6@icloud.com,dress,Gray,Chiffon,M,Edgy,taking,Static/photosFolder/dress1.jpeg,no,Nahariya
284,example66@hotmail.com,skirt,Green,Lace,L,Preppy,taking,Static/photosFolder/skirt1.jfif,no,Arad
285,example88@mail.com,jumpsuit,Red,Lace,XS,Business Formal,taking,Static/photosFolder/jumpsuit2.jfif,no,Netanya
296,example11@inbox.com,jumpsuit,White,Denim,L,Beachy,taking,Static/photosFolder/jumpsuit2.jfif,no,Ramat Gan
300,example98@domain.com,formal suit,Purple,Cotton,M,Grunge,taking,Static/photosFolder/suit1.jpeg,no,Ashkelon
314,example93@zoho.com,jumpsuit,Gray,Suede,L,Business Formal,taking,Static/photosFolder/jumpsuit1.jfif,no,Netivot
317,example67@mail.com,skirt,Blue,Silk,M,Athletic,taking,Static/photosFolder/skirt2.jfif,no,Herzliya
322,example83@hotmail.com,dress,Gray,Chiffon,XS,Bohemian,taking,Static/photosFolder/dress5.jfif,no,Rehovot
323,example85@aol.com,jumpsuit,White,Georgette,L,Classic,taking,Static/photosFolder/jumpsuit2.jfif,no,Dimona
336,example40@protonmail.ch,dress,Black,Georgette,M,Business Formal,taking,Static/photosFolder/dress7.jfif,no,Or Yehuda
345,example55@fastmail.com,dress,Gray,Georgette,L,Formal,taking,Static/photosFolder/dress1.jpeg,no,Kiryat Gat
348,example17@tutanota.com,skirt,Red,Leather,S,Edgy,taking,Static/photosFolder/skirt2.jfif,no,Or Akiva
359,example57@tutanota.com,formal suit,White,Silk,M,Vintage,taking,Static/photosFolder/formalsuit3.jfif,no,Eilat
376,example92@gmx.com,dress,Blue,Wool,S,Preppy,taking,Static/photosFolder/dress1.jpeg,no,Bnei Brak
381,example2@yahoo.com,formal suit,Gray,Satin,S,Gothic,taking,Static/photosFolder/formalsuit2.jfif,no,Hadera
397,example42@yahoo.com,jumpsuit,Orange,Wool,XS,Vintage,taking,Static/photosFolder/jumpsuit1.jfif,no,Petah Tikva
402,example29@aol.com,dress,Green,Suede,M,Romantic,taking,Static/photosFolder/dress4.webp,no,Ra'anana
403,example44@outlook.com,skirt,White,Velvet,XS,Streetwear,taking,Static/photosFolder/skirt3.jfif,no,Rehovot
406,example46@icloud.com,formal suit,Orange,Georgette,S,Athletic,taking,Static/photosFolder/formalsuit1.jfif,no,Hadera
413,example57@tutanota.com,dress,Green,Linen,S,Formal,taking,Static/photosFolder/dress9.jfif,no,Arad
418,example68@live.com,skirt,Green,Linen,L,Formal,taking,Static/photosFolder/skirt3.jfif,no,Haifa
432,example5@aol.com,skirt,White,Wool,S,Preppy,taking,Static/photosFolder/skirt2.jfif,no,Ramat Gan
435,example26@hotmail.com,formal suit,Red,Cotton,M,Athletic,taking,Static/photosFolder/suit1.jpeg,no,Netanya
441,example32@rocketmail.com,skirt,Yellow,Lace,S,Business Formal,taking,Static/photosFolder/skirt3.jfif,no,Karmiel
446,example71@zoho.com,formal suit,Yellow,Denim,S,Minimalist,taking,Static/photosFolder/formalsuit1.jfif,no,Nahariya
449,example60@protonmail.ch,skirt,Blue,Cotton,M,Grunge,taking,Static/photosFolder/skirt3.jfif,no,Kiryat Shmona
451,example31@zoho.com,formal suit,Orange,Silk,XS,Edgy,taking,Static/photosFolder/suit1.jpeg,no,Kiryat Motzkin
462,example69@aol.com,jumpsuit,Green,Satin,S,Minimalist,taking,Static/photosFolder/jumpsuit4.jfif,no,Nesher
465,example98@domain.com,skirt,Green,Cotton,L,Streetwear,taking,Static/photosFolder/skirt3.jfif,no,Nesher
467,example74@inbox.com,jumpsuit,Green,Satin,XS,Western,taking,Static/photosFolder/jumpsuit1.jfif,no,Jerusalem
476,example51@inbox.com,formal suit,Green,Leather,XS,Grunge,taking,Static/photosFolder/suit1.jpg,no,Kiryat Shmona
478,example40@protonmail.ch,another,Yellow,Lace,M,Beachy,taking,Static/photosFolder/another2.jfif,no,Karmiel
493,example75@protonmail.com,another,Yellow,Suede,XS,Streetwear,taking,Static/photosFolder/another1.jfif,no,Netanya
494,example21@outlook.com,dress,Orange,Cotton,S,Edgy,taking,Static/photosFolder/dress9.jfif,no,Kiryat Malakhi
