email,firstname,lastname,password,picture,dob,joinDate,phoneNumber,city
example1@gmail.com,Emma,Smith,StrongPassword!2023,Static/photosFolder/profile7.jfif,1985-08-14,2023-06-17,052-1234567,Arad
example2@yahoo.com,Liam,Johnson,SecureAccess1234,Static/photosFolder/profile2.jfif,1994-02-01,2022-12-05,052-2345678,Ashdod
example3@hotmail.com,Olivia,Williams,ProtectMyData5678,Static/photosFolder/profile18.jfif,2000-07-19,2021-09-30,052-3456789,Ashkelon
example4@outlook.com,Noah,Jones,SecretCode9876,Static/photosFolder/profile1.jfif,1983-09-23,2020-03-21,052-4567890,Bat Yam
example5@aol.com,Ava,Brown,ShieldedPass2022,Static/photosFolder/profile20.jfif,1992-04-08,2023-01-10,052-5678901,Be'er Sheva
example6@icloud.com,Isabella,Davis,SafeAndSecure007,Static/photosFolder/profile5.jfif,1996-12-31,2022-07-12,052-6789012,Bnei Brak
example7@protonmail.com,Sophia,Miller,Password1234Protect,Static/photosFolder/profile8.jfif,1987-06-16,2021-11-28,052-7890123,Dimona
example8@mail.com,Mia,Wilson,LockItDown2023,Static/photosFolder/profile12.jfif,1999-11-05,2020-08-15,052-8901234,Eilat
example9@live.com,Charlotte,Moore,KeepItSafe5678,Static/photosFolder/profile14.jfif,1986-02-22,2023-05-01,052-9012345,Giv'atayim
example10@yandex.com,Amelia,Taylor,Confidential2022,Static/photosFolder/profile15.jfif,2002-05-11,2022-02-25,052-0123456,Hadera
example11@inbox.com,Harper,Anderson,SecureVault7890,Static/photosFolder/profile11.jfif,1991-08-04,2021-07-19,052-1234567,Haifa
example12@gmx.com,Evelyn,Thomas,GuardedSecrets2023,Static/photosFolder/profile15.jfif,1995-03-21,2020-10-11,052-2345678,Herzliya
example13@zoho.com,Abigail,Jackson,IroncladProtection123,Static/photosFolder/profile6.jfif,2003-10-07,2023-04-02,052-3456789,Hod HaSharon
example14@rocketmail.com,Emily,White,ProtectedZone2022,Static/photosFolder/profile13.jfif,1985-10-17,2022-06-08,052-4567890,Hol?n
example15@fastmail.com,Elizabeth,Harris,FortifiedSecurity567,Static/photosFolder/profile5.jfif,1993-06-03,2021-12-23,052-5678901,Jerusalem
example16@mailinator.com,Sofia,Martin,SafetyFirst2023,Static/photosFolder/profile13.jfif,2004-01-22,2020-04-16,052-6789012,Karmiel
example17@tutanota.com,Avery,Thompson,SecureFortress789,Static/photosFolder/profile20.jfif,1982-11-30,2023-03-05,052-7890123,Kfar Saba
example18@domain.com,Ella,Garcia,UnbreakableGuard123,Static/photosFolder/profile19.jfif,1997-01-12,2022-01-31,052-8901234,Kiryat Ata
example19@msn.com,Scarlett,Martinez,ShieldedPrivacy2022,Static/photosFolder/profile13.jfif,1988-04-28,2021-05-22,052-9012345,Kiryat Bialik
example20@protonmail.ch,Grace,Robinson,LockedAndLoaded007,Static/photosFolder/profile10.jfif,1981-12-15,2020-09-07,052-0123456,Kiryat Gat
example21@outlook.com,Victoria,Clark,MaximumSecurity2023,Static/photosFolder/profile12.jfif,1984-07-25,2023-02-20,052-1234567,Kiryat Malakhi
example22@yahoo.com,Aria,Rodriguez,StrongholdDefense123,Static/photosFolder/profile7.jfif,1990-02-12,2022-10-17,052-2345678,Kiryat Motzkin
example23@gmail.com,Madison,Lewis,SecureMeNow2022,Static/photosFolder/profile14.jfif,1998-08-01,2021-08-02,052-3456789,Kiryat Ono
example24@icloud.com,Luna,Lee,UltimateProtection789,Static/photosFolder/profile3.jfif,1989-03-06,2020-11-29,052-4567890,Kiryat Shmona
example25@yandex.com,Chloe,Walker,HiddenVault2023,Static/photosFolder/profile18.jfif,2001-06-14,2023-01-21,052-5678901,Kiryat Yam
example26@hotmail.com,Penelope,Hall,UltraSecure123,Static/photosFolder/profile15.jfif,1983-08-09,2022-04-19,052-6789012,Lod
example27@mail.com,Layla,Allen,GuardianPass2022,Static/photosFolder/profile9.jfif,1995-12-26,2021-10-06,052-7890123,Ma'alot-Tarshiha
example28@live.com,Riley,Young,FortifiedDefense567,Static/photosFolder/profile19.jfif,2003-05-04,2020-06-26,052-8901234,Migdal HaEmek
example29@aol.com,Zoey,Hernandez,ProtectMyInfo2023,Static/photosFolder/profile1.jfif,1982-05-19,2023-05-15,052-9012345,Modi'in-Maccabim-Re'ut
example30@gmx.com,Nora,King,LockAndKey007,Static/photosFolder/profile5.jfif,1996-10-06,2022-03-09,052-0123456,Nahariya
example31@zoho.com,Lily,Wright,SecureSanctuary2022,Static/photosFolder/profile12.jfif,1991-03-24,2021-06-14,054-1234567,Nazareth
example32@rocketmail.com,Eleanor,Hill,DefenderCode789,Static/photosFolder/profile18.jfif,2004-08-11,2020-12-03,054-2345678,Nesher
example33@fastmail.com,Hannah,Scott,CodeGuardian1234,Static/photosFolder/profile20.jfif,1981-11-21,2023-04-24,054-3456789,Ness Ziona
example34@inbox.com,Lillian,Green,SecurityShield2023,Static/photosFolder/profile11.jfif,1999-01-01,2022-08-29,054-4567890,Netanya
example35@protonmail.com,Addison,Adams,SecureHaven007,Static/photosFolder/profile15.jfif,1987-04-10,2021-11-15,054-5678901,Netivot
example36@mailinator.com,Aubrey,Baker,SolidPassphrase2022,Static/photosFolder/profile5.jfif,1984-10-27,2020-02-04,054-6789012,Ofakim
example37@tutanota.com,Ellie,Gonzalez,SafeguardedData567,Static/photosFolder/profile18.jfif,1992-07-13,2023-03-26,054-7890123,Or Akiva
example38@domain.com,Stella,Nelson,ShieldedCode2023,Static/photosFolder/profile1.jfif,1998-12-30,2022-05-04,054-8901234,Or Yehuda
example39@msn.com,Natalie,Carter,SafetyNet1234,Static/photosFolder/profile20.jfif,2003-03-08,2021-09-21,054-9012345,Petah Tikva
example40@protonmail.ch,Zoe,Mitchell,LockedVault2022,Static/photosFolder/profile13.jfif,1980-09-14,2020-07-11,054-0123456,Ra'anana
example41@gmail.com,Leah,Perez,SentinelSecurity789,Static/photosFolder/profile19.jfif,1993-01-30,2023-02-01,054-1234567,Ramat Gan
example42@yahoo.com,Hazel,Roberts,ArmoredDefense123,Static/photosFolder/profile20.jfif,1996-08-16,2022-12-27,054-2345678,Ramat HaSharon
example43@hotmail.com,Violet,Turner,ProtectedBarrier2023,Static/photosFolder/profile2.jfif,2004-12-03,2021-07-07,054-3456789,Ramla
example44@outlook.com,Aurora,Phillips,ConfidentialGuard567,Static/photosFolder/profile17.jfif,1981-05-22,2020-10-24,054-4567890,Rehovot
example45@aol.com,Savannah,Campbell,SafetyZone2022,Static/photosFolder/profile18.jfif,1990-11-08,2023-01-14,054-5678901,Arad
example46@icloud.com,Audrey,Parker,HiddenKey007,Static/photosFolder/profile11.jfif,1986-12-25,2022-04-12,054-6789012,Ashdod
example47@protonmail.com,Brooklyn,Evans,SecureShield2023,Static/photosFolder/profile3.jfif,1999-06-13,2021-10-29,054-7890123,Ashkelon
example48@mail.com,Bella,Edwards,IroncladLock123,Static/photosFolder/profile5.jfif,1988-02-01,2020-06-20,054-8901234,Bat Yam
example49@live.com,Claire,Collins,TrustedPass2022,Static/photosFolder/profile4.jfif,1997-08-21,2023-05-09,054-9012345,Be'er Sheva
example50@yandex.com,Skylar,Stewart,FortifiedZone789,Static/photosFolder/profile2.jfif,2002-01-06,2022-03-01,054-0123456,Bnei Brak
example51@inbox.com,Lucy,Sanchez,ShieldedVault1234,Static/photosFolder/profile12.jfif,1980-07-16,2021-05-27,054-1234567,Dimona
example52@gmx.com,Paisley,Morris,LockedGateway2023,Static/photosFolder/profile20.jfif,1994-11-03,2020-08-18,054-2345678,Eilat
example53@zoho.com,Everly,Rogers,SecureGuard007,Static/photosFolder/profile9.jfif,1991-04-21,2023-03-12,054-3456789,Giv'atayim
example54@rocketmail.com,Anna,Reed,ProtectSecrets2022,Static/photosFolder/profile16.jfif,2001-09-29,2022-01-05,054-4567890,Hadera
example55@fastmail.com,Caroline,Cook,GuardedPrivacy567,Static/photosFolder/profile13.jfif,1983-01-12,2021-08-26,054-5678901,Haifa
example56@mailinator.com,Nova,Morgan,SecureBarrier2023,Static/photosFolder/profile20.jfif,1995-07-30,2020-11-15,054-6789012,Herzliya
example57@tutanota.com,Genesis,Bell,HiddenDefense123,Static/photosFolder/profile5.jfif,2003-02-15,2023-01-27,054-7890123,Hod HaSharon
example58@domain.com,Emilia,Murphy,MaximumProtection2022,Static/photosFolder/profile14.jfif,1984-06-05,2022-04-23,054-8901234,Hol?n
example59@msn.com,Kennedy,Bailey,IroncladSecurity789,Static/photosFolder/profile18.jfif,1992-12-23,2021-12-09,054-9012345,Jerusalem
example60@protonmail.ch,Samantha,Rivera,SafeZone2023,Static/photosFolder/profile10.jfif,1989-09-10,2020-02-18,054-0123456,Karmiel
example61@outlook.com,Maya,Cooper,SentinelCode1234,Static/photosFolder/profile19.jfif,1998-02-26,2023-06-04,054-1234567,Kfar Saba
example62@yahoo.com,Willow,Richardson,VaultedGuardian2022,Static/photosFolder/profile18.jfif,1987-08-15,2022-08-06,054-2345678,Kiryat Ata
example63@gmail.com,Kinsley,Cox,SafetyBarrier567,Static/photosFolder/profile2.jfif,1996-01-01,2021-11-25,054-3456789,Kiryat Bialik
example64@icloud.com,Naomi,Howard,HiddenHaven2023,Static/photosFolder/profile4.jfif,2004-06-17,2020-05-13,054-4567890,Kiryat Gat
example65@yandex.com,Aaliyah,Ward,SecureDefense007,Static/photosFolder/profile13.jfif,1985-04-04,2023-03-19,054-5678901,Kiryat Malakhi
example66@hotmail.com,Elena,Torres,FortifiedVault2022,Static/photosFolder/profile15.jfif,1993-10-20,2022-06-16,054-6789012,Kiryat Motzkin
example67@mail.com,Sarah,Peterson,ShieldedPrivacy123,Static/photosFolder/profile4.jfif,1981-01-07,2021-08-07,054-7890123,Kiryat Ono
example68@live.com,Ariana,Gray,ConfidentialGuardian789,Static/photosFolder/profile10.jfif,1990-05-26,2020-09-25,054-8901234,Kiryat Shmona
example69@aol.com,Allison,Ramirez,SafetyFortress2022,Static/photosFolder/profile3.jfif,1986-11-12,2023-02-08,054-9012345,Kiryat Yam
example70@gmx.com,Gabriella,James,SecureGateway456,Static/photosFolder/profile8.jfif,1997-06-30,2022-12-01,054-0123456,Lod
example71@zoho.com,Alice,Watson,IroncladKey2023,Static/photosFolder/profile3.jfif,1982-09-17,2021-06-28,050-1234567,Ma'alot-Tarshiha
example72@rocketmail.com,Madelyn,Brooks,TrustedLock007,Static/photosFolder/profile2.jfif,1995-02-02,2020-10-13,050-2345678,Migdal HaEmek
example73@fastmail.com,Cora,Kelly,ProtectData2022,Static/photosFolder/profile14.jfif,2002-09-20,2023-04-06,050-3456789,Modi'in-Maccabim-Re'ut
example74@inbox.com,Ruby,Sanders,GuardedZone789,Static/photosFolder/profile7.jfif,1983-05-13,2022-07-22,050-4567890,Nahariya
example75@protonmail.com,Eva,Price,SecureWall1234,Static/photosFolder/profile16.jfif,1994-10-01,2021-12-14,050-5678901,Nazareth
example76@mailinator.com,Serenity,Bennett,HiddenPassphrase2023,Static/photosFolder/profile20.jfif,1991-07-19,2020-03-08,050-6789012,Nesher
example77@tutanota.com,Autumn,Wood,MaximumDefense007,Static/photosFolder/profile13.jfif,2000-12-05,2023-01-30,050-7890123,Ness Ziona
example78@domain.com,Adeline,Barnes,SafetyShield2022,Static/photosFolder/profile6.jfif,1989-01-22,2022-05-18,050-8901234,Netanya
example79@msn.com,Hailey,Ross,FortifiedBarrier456,Static/photosFolder/profile18.jfif,1998-07-11,2021-07-03,050-9012345,Netivot
example80@protonmail.ch,Gianna,Henderson,ShieldedFortress2023,Static/photosFolder/profile18.jfif,1987-03-30,2020-11-19,050-0123456,Ofakim
example81@gmail.com,Valentina,Coleman,LockedSafe1234,Static/photosFolder/profile11.jfif,1999-09-16,2023-01-10,050-1234567,Or Akiva
example82@yahoo.com,Isla,Jenkins,SecureBoundary2022,Static/photosFolder/profile2.jfif,1982-08-03,2022-04-27,050-2345678,Or Yehuda
example83@hotmail.com,Eliana,Perry,IroncladProtection789,Static/photosFolder/profile19.jfif,1991-12-20,2021-10-16,050-3456789,Petah Tikva
example84@outlook.com,Quinn,Powell,TrustedGuardian123,Static/photosFolder/profile13.jfif,1988-06-06,2020-06-05,050-4567890,Ra'anana
example85@aol.com,Nevaeh,Long,ProtectMeNow2023,Static/photosFolder/profile17.jfif,2000-01-24,2023-05-23,050-5678901,Ramat Gan
example86@icloud.com,Ivy,Patterson,GuardedPrivacy456,Static/photosFolder/profile8.jfif,1980-03-08,2022-03-17,050-6789012,Ramat HaSharon
example87@protonmail.com,Sadie,Hughes,SecureStronghold2022,Static/photosFolder/profile4.jfif,1992-09-25,2021-06-11,050-7890123,Ramla
example88@mail.com,Piper,Flores,HiddenProtection789,Static/photosFolder/profile17.jfif,1996-05-13,2020-12-01,050-8901234,Rehovot
example89@live.com,Lydia,Washington,SafetyHaven123,Static/photosFolder/profile17.jfif,2004-10-31,2023-04-22,050-9012345,Arad
example90@yandex.com,Alexa,Butler,ShieldedVault2023,Static/photosFolder/profile9.jfif,1983-04-17,2022-08-31,050-0123456,Ashdod
example91@inbox.com,Josephine,Simmons,LockedDefense007,Static/photosFolder/profile18.jfif,1995-10-03,2021-11-12,050-1234567,Ashkelon
example92@gmx.com,Emery,Foster,SecureSanctuary2022,Static/photosFolder/profile4.jfif,1981-02-19,2020-04-02,050-2345678,Bat Yam
example93@zoho.com,Julia,Gonzales,IroncladCode789,Static/photosFolder/profile18.jfif,1993-07-07,2023-03-23,050-3456789,Be'er Sheva
example94@rocketmail.com,Delilah,Bryant,TrustedBarrier123,Static/photosFolder/profile9.jfif,1988-12-24,2022-05-10,050-4567890,Bnei Brak
example95@fastmail.com,Arianna,Alexander,ProtectPrivacy2022,Static/photosFolder/profile5.jfif,1997-06-11,2021-09-26,050-5678901,Dimona
example96@mailinator.com,Vivian,Russell,GuardedKey456,Static/photosFolder/profile6.jfif,1980-08-29,2020-08-12,050-6789012,Eilat
example97@tutanota.com,Kaylee,Griffin,SecureFortification2023,Static/photosFolder/profile3.jfif,1994-01-16,2023-02-02,050-7890123,Giv'atayim
example98@domain.com,Eden,Diaz,HiddenGuard007,Static/photosFolder/profile16.jfif,1990-06-03,2022-11-27,050-8901234,Hadera
example99@msn.com,Noa,Hayes,SafetyShield2022,Static/photosFolder/profile6.jfif,2002-11-20,2021-07-15,050-9012345,Haifa
example100@protonmail.ch,noy,Myers,FortifiedSanctum123,Static/photosFolder/profile7.jfif,1985-03-10,2020-10-08,050-0123456,Herzliya
